Citrate1,,,,,,Citrate2,,,,,,Citrate3+,,,,
SNP_ID,Chromosome,Position_UMD3.1,Position_ARS-UCD1.2 ,log10_Pvalue,,SNP,Chromosome,Position_UMD3.1,Position_ARS-UCD1.2 ,log10_Pvalue,,SNP,Chromosome,Position_UMD3.1,Position_ARS-UCD1.2 ,log10_Pvalue
446852,20,58262700,58193698,63.89020596,,446852,20,58262700,58193698,63.78277455,,446852,20,58262700,58193698,63.80313869
446853,20,58264762,58195760,63.89020596,,446853,20,58264762,58195760,63.78277455,,446853,20,58264762,58195760,63.80313869
446848,20,58256671,58187722,62.86726909,,446848,20,58256671,58187722,62.73416308,,446848,20,58256671,58187722,62.7281917
446850,20,58258612,58189663,62.86726909,,446850,20,58258612,58189663,62.73416308,,446850,20,58258612,58189663,62.7281917
446851,20,58260452,58191503,62.49729463,,446851,20,58260452,58191503,62.39600553,,446851,20,58260452,58191503,62.41316825
447115,20,58950986,58881657,45.7806103,,447115,20,58950986,58881657,45.44106621,,447115,20,58950986,58881657,45.34059592
446821,20,58159836,58090659,41.78166533,,446821,20,58159836,58090659,41.27864072,,446821,20,58159836,58090659,41.37663139
446823,20,58161618,58092440,41.78166533,,446823,20,58161618,58092440,41.27864072,,446823,20,58161618,58092440,41.37663139
446822,20,58160463,58091286,41.27558893,,446822,20,58160463,58091286,40.78508735,,446822,20,58160463,58091286,40.87572807
446824,20,58162729,58093555,41.27558893,,446824,20,58162729,58093555,40.78508735,,446824,20,58162729,58093555,40.87572807
446505,20,56947501,56871855,40.70887634,,446505,20,56947501,56871855,40.36102445,,446505,20,56947501,56871855,40.44176698
446796,20,58069651,57997219,39.85203026,,446608,20,57489824,57413738,39.23202194,,446608,20,57489824,57413738,39.37447705
446608,20,57489824,57413738,39.56257095,,446796,20,58069651,57997219,39.19936058,,446796,20,58069651,57997219,39.08036049
447361,20,59945418,59869085,38.87605541,,447361,20,59945418,59869085,38.457973,,447361,20,59945418,59869085,38.37557836
187583,7,61657613,68574155,35.96068671,,187583,7,61657613,68574155,35.43988961,,187583,7,61657613,68574155,35.41138188
446607,20,57484914,57408827,35.84433853,,446607,20,57484914,57408827,35.29776666,,446607,20,57484914,57408827,35.32847488
446609,20,57491215,57415129,35.84433853,,446609,20,57491215,57415129,35.29776666,,446609,20,57491215,57415129,35.32847488
446610,20,57492554,57416455,35.84433853,,446610,20,57492554,57416455,35.29776666,,446610,20,57492554,57416455,35.32847488
446473,20,56855040,56779437,35.35713962,,446473,20,56855040,56779437,34.84934432,,446473,20,56855040,56779437,34.86361485
446662,20,57590411,57518643,34.54610699,,446795,20,58068002,57995570,34.39546224,,446795,20,58068002,57995570,34.44438108
446507,20,56950655,56875009,34.2412,,446662,20,57590411,57518643,34.01980988,,446662,20,57590411,57518643,33.9959833
446795,20,58068002,57995570,34.05095018,,446507,20,56950655,56875009,33.71906967,,446507,20,56950655,56875009,33.66309011
446578,20,57301571,57229510,33.19638421,,447216,20,59416887,59348017,32.71145022,,446578,20,57301571,57229510,32.67147045
446576,20,57290939,57218876,33.10694287,,446578,20,57301571,57229510,32.6908559,,447216,20,59416887,59348017,32.66871833
446577,20,57294518,57222455,33.10694287,,446576,20,57290939,57218876,32.60124479,,446576,20,57290939,57218876,32.58717938
446580,20,57304913,57232852,33.10694287,,446577,20,57294518,57222455,32.60124479,,446577,20,57294518,57222455,32.58717938
446584,20,57327340,57255278,33.10694287,,446580,20,57304913,57232852,32.60124479,,446580,20,57304913,57232852,32.58717938
446585,20,57336010,57263948,33.10694287,,446584,20,57327340,57255278,32.60124479,,446584,20,57327340,57255278,32.58717938
447216,20,59416887,59348017,33.00357111,,446585,20,57336010,57263948,32.60124479,,446585,20,57336010,57263948,32.58717938
446637,20,57532691,57461311,32.9849474,,446775,20,57981518,57908578,32.59396437,,446775,20,57981518,57908578,32.44708814
446775,20,57981518,57908578,32.98427184,,446780,20,57997679,57924738,32.52244727,,446780,20,57997679,57924738,32.37451513
446780,20,57997679,57924738,32.90901048,,446637,20,57532691,57461311,32.33413488,,446637,20,57532691,57461311,32.33140672
446783,20,58027482,57954912,32.59908341,,446783,20,58027482,57954912,32.20981652,,446783,20,58027482,57954912,32.07216007
446784,20,58028491,57955921,32.48459955,,446784,20,58028491,57955921,32.0845702,,446784,20,58028491,57955921,31.94586094
446911,20,58432832,58363593,32.07825961,,447254,20,59514189,59443482,31.52587192,,446911,20,58432832,58363593,31.54926378
446913,20,58435724,58366484,32.07825961,,446911,20,58432832,58363593,31.47487337,,446913,20,58435724,58366484,31.54926378
446917,20,58440513,58371279,32.07825961,,446913,20,58435724,58366484,31.47487337,,446917,20,58440513,58371279,31.54926378
447254,20,59514189,59443482,31.87131435,,446917,20,58440513,58371279,31.47487337,,447254,20,59514189,59443482,31.40201332
446834,20,58185083,58116147,31.53159114,,446820,20,58158895,58089715,31.08661657,,446820,20,58158895,58089715,31.06919451
447243,20,59479331,59410436,31.23502869,,446834,20,58185083,58116147,30.91493256,,446260,20,56266153,56206051,30.97415497
447244,20,59481571,59412676,31.23502869,,447243,20,59479331,59410436,30.89989864,,446834,20,58185083,58116147,30.95596398
447245,20,59483545,59414648,31.23502869,,447244,20,59481571,59412676,30.89989864,,446272,20,56289061,56228161,30.9509522
447246,20,59484278,59415336,31.23502869,,447245,20,59483545,59414648,30.89989864,,446606,20,57479655,57403565,30.84359655
447247,20,59484920,59415979,31.23502869,,447246,20,59484278,59415336,30.89989864,,447243,20,59479331,59410436,30.77289539
447248,20,59486628,59417687,31.23502869,,447247,20,59484920,59415979,30.89989864,,447244,20,59481571,59412676,30.77289539
447249,20,59487384,59418443,31.23502869,,447248,20,59486628,59417687,30.89989864,,447245,20,59483545,59414648,30.77289539
447250,20,59492086,59423144,31.23502869,,447249,20,59487384,59418443,30.89989864,,447246,20,59484278,59415336,30.77289539
447252,20,59506006,59435303,31.23502869,,447250,20,59492086,59423144,30.89989864,,447247,20,59484920,59415979,30.77289539
447235,20,59459499,59390600,31.23490479,,447252,20,59506006,59435303,30.89989864,,447248,20,59486628,59417687,30.77289539
447197,20,59283222,59215024,31.17604321,,447235,20,59459499,59390600,30.8908409,,447249,20,59487384,59418443,30.77289539
446260,20,56266153,56206051,31.16003844,,446260,20,56266153,56206051,30.85454987,,447250,20,59492086,59423144,30.77289539
446272,20,56289061,56228161,31.11543214,,447197,20,59283222,59215024,30.83315315,,447252,20,59506006,59435303,30.77289539
447253,20,59509520,59438816,31.08459845,,446272,20,56289061,56228161,30.81413805,,447235,20,59459499,59390600,30.76249326
447255,20,59515865,59445158,31.02855392,,446606,20,57479655,57403565,30.79475555,,446258,20,56262480,56202372,30.72972586
447256,20,59517503,59446799,31.02855392,,447253,20,59509520,59438816,30.74316222,,446261,20,56271213,56210315,30.72972586
447257,20,59521391,59450682,31.02855392,,447255,20,59515865,59445158,30.69171535,,447197,20,59283222,59215024,30.72488869
447258,20,59522494,59451785,31.02855392,,447256,20,59517503,59446799,30.69171535,,447253,20,59509520,59438816,30.61574889
447259,20,59530215,59459500,31.02855392,,447257,20,59521391,59450682,30.69171535,,447255,20,59515865,59445158,30.56609797
446606,20,57479655,57403565,30.96808601,,447258,20,59522494,59451785,30.69171535,,447256,20,59517503,59446799,30.56609797
446258,20,56262480,56202372,30.90257917,,447259,20,59530215,59459500,30.69171535,,447257,20,59521391,59450682,30.56609797
446261,20,56271213,56210315,30.90257917,,446258,20,56262480,56202372,30.60948117,,447258,20,59522494,59451785,30.56609797
447251,20,59503616,59432977,30.86593993,,446261,20,56271213,56210315,30.60948117,,447259,20,59530215,59459500,30.56609797
446820,20,58158895,58089715,30.82456804,,447251,20,59503616,59432977,30.5134464,,447251,20,59503616,59432977,30.38262344
446246,20,56181220,56122709,30.52166492,,446246,20,56181220,56122709,30.21234077,,446246,20,56181220,56122709,30.32920419
446896,20,58413409,58344007,29.67842909,,446240,20,56142652,56084140,29.09075362,,446240,20,56142652,56084140,29.20058004
446240,20,56142652,56084140,29.37012573,,446242,20,56156410,56097898,29.09075362,,446242,20,56156410,56097898,29.20058004
446242,20,56156410,56097898,29.37012573,,446896,20,58413409,58344007,29.08798695,,446896,20,58413409,58344007,29.15808837
446667,20,57621273,57549500,29.24767533,,446667,20,57621273,57549500,28.75582597,,446667,20,57621273,57549500,28.77661405
446235,20,56107172,56048705,28.90476506,,446235,20,56107172,56048705,28.64900544,,446235,20,56107172,56048705,28.77048735
446923,20,58446865,58377559,27.93337095,,447026,20,58796750,58727029,27.82376329,,447026,20,58796750,58727029,28.17088729
447026,20,58796750,58727029,27.7926354,,447023,20,58771588,58701867,27.53446738,,447023,20,58771588,58701867,27.5508708
447362,20,59946467,59870133,27.53498881,,446923,20,58446865,58377559,27.49103276,,446923,20,58446865,58377559,27.39856411
446230,20,56086137,56027670,27.14504237,,447362,20,59946467,59870133,27.29527948,,447362,20,59946467,59870133,27.27427823
447023,20,58771588,58701867,26.92429809,,446833,20,58177157,58108216,27.00161185,,446230,20,56086137,56027670,27.04578032
446833,20,58177157,58108216,26.76981753,,446230,20,56086137,56027670,26.93045428,,446833,20,58177157,58108216,27.02819661
446825,20,58166271,58097104,26.50140069,,446825,20,58166271,58097104,26.7382377,,446825,20,58166271,58097104,26.76128609
446826,20,58167277,58098109,26.50140069,,446826,20,58167277,58098109,26.7382377,,446826,20,58167277,58098109,26.76128609
446827,20,58167824,58098656,26.50140069,,446827,20,58167824,58098656,26.7382377,,446827,20,58167824,58098656,26.76128609
446828,20,58168507,58099339,26.50140069,,446828,20,58168507,58099339,26.7382377,,446828,20,58168507,58099339,26.76128609
446829,20,58169583,58100415,26.50140069,,446829,20,58169583,58100415,26.7382377,,446829,20,58169583,58100415,26.76128609
446830,20,58170636,58101697,26.50140069,,446830,20,58170636,58101697,26.7382377,,446830,20,58170636,58101697,26.76128609
446831,20,58171321,58102382,26.50140069,,446831,20,58171321,58102382,26.7382377,,446831,20,58171321,58102382,26.76128609
446832,20,58172614,58103674,26.50140069,,446832,20,58172614,58103674,26.7382377,,446832,20,58172614,58103674,26.76128609
446929,20,58456359,58387053,26.40775172,,446942,20,58491204,58421896,26.57703825,,446942,20,58491204,58421896,26.52814841
446925,20,58451188,58381882,26.38895305,,446943,20,58491906,58422598,26.57703825,,446943,20,58491906,58422598,26.52814841
446927,20,58455297,58385991,26.38895305,,446944,20,58493410,58424104,26.08826441,,446929,20,58456359,58387053,25.93535527
446930,20,58457651,58388345,26.38895305,,446929,20,58456359,58387053,26.02856642,,446925,20,58451188,58381882,25.9155393
446931,20,58459086,58389780,26.38895305,,446925,20,58451188,58381882,26.00987961,,446927,20,58455297,58385991,25.9155393
446932,20,58462053,58392745,26.38895305,,446927,20,58455297,58385991,26.00987961,,446930,20,58457651,58388345,25.9155393
446933,20,58463540,58394232,26.38895305,,446930,20,58457651,58388345,26.00987961,,446931,20,58459086,58389780,25.9155393
446934,20,58465508,58396200,26.38895305,,446931,20,58459086,58389780,26.00987961,,446932,20,58462053,58392745,25.9155393
446935,20,58468597,58399290,26.38895305,,446932,20,58462053,58392745,26.00987961,,446933,20,58463540,58394232,25.9155393
446936,20,58470255,58400948,26.38895305,,446933,20,58463540,58394232,26.00987961,,446934,20,58465508,58396200,25.9155393
446942,20,58491204,58421896,26.16400855,,446934,20,58465508,58396200,26.00987961,,446935,20,58468597,58399290,25.9155393
446943,20,58491906,58422598,26.16400855,,446935,20,58468597,58399290,26.00987961,,446936,20,58470255,58400948,25.9155393
446944,20,58493410,58424104,25.6589332,,446936,20,58470255,58400948,26.00987961,,446944,20,58493410,58424104,25.87187422
446325,20,56443649,56380601,25.25944964,,446325,20,56443649,56380601,24.88416468,,446325,20,56443649,56380601,24.92204854
446327,20,56446222,56383186,25.25944964,,446327,20,56446222,56383186,24.88416468,,446327,20,56446222,56383186,24.92204854
446328,20,56449013,56385978,25.25944964,,446328,20,56449013,56385978,24.88416468,,446328,20,56449013,56385978,24.92204854
446321,20,56431209,56368160,24.78220337,,446321,20,56431209,56368160,24.41278723,,446321,20,56431209,56368160,24.44517249
330311,14,1588879,403312,24.45176923,,330311,14,1588879,403312,24.31092761,,330311,14,1588879,403312,24.32385649
330313,14,1640406,454838,24.45176923,,330313,14,1640406,454838,24.31092761,,330313,14,1640406,454838,24.32385649
330323,14,1801116,609870,24.41208117,,330323,14,1801116,609870,24.29753059,,330323,14,1801116,609870,24.32115525
330314,14,1651311,465742,24.39730185,,330314,14,1651311,465742,24.25750152,,330314,14,1651311,465742,24.2687516
330315,14,1667797,487525,24.38737398,,330315,14,1667797,487525,24.25255807,,330315,14,1667797,487525,24.2665011
330312,14,1638045,452477,24.37772046,,330312,14,1638045,452477,24.23396027,,330312,14,1638045,452477,24.24741717
330319,14,1679844,494621,24.22007117,,330319,14,1679844,494621,24.09011142,,330319,14,1679844,494621,24.11381693
447040,20,58820320,58750871,24.19689729,,446921,20,58445208,58375902,24.04942775,,446921,20,58445208,58375902,24.05626684
447041,20,58822292,58752843,24.19689729,,447040,20,58820320,58750871,23.8359622,,330322,14,1736599,550784,23.8424818
447042,20,58823834,58754385,24.19689729,,447041,20,58822292,58752843,23.8359622,,446506,20,56948951,56873305,23.71755385
330322,14,1736599,550784,23.90509378,,447042,20,58823834,58754385,23.8359622,,447040,20,58820320,58750871,23.60886434
446921,20,58445208,58375902,23.89165533,,330322,14,1736599,550784,23.81255393,,447041,20,58822292,58752843,23.60886434
446506,20,56948951,56873305,23.87946634,,446506,20,56948951,56873305,23.79654752,,447042,20,58823834,58754385,23.60886434
447260,20,59542546,59471828,23.34081882,,446997,20,58709513,58640186,23.27504404,,447019,20,58755875,58686155,23.17927503
447261,20,59543321,59472604,23.34081882,,447019,20,58755875,58686155,23.173201,,446997,20,58709513,58640186,23.15601867
446997,20,58709513,58640186,22.88628364,,447260,20,59542546,59471828,23.13930611,,447260,20,59542546,59471828,23.13463679
446785,20,58030158,57957612,22.81677104,,447261,20,59543321,59472604,23.13930611,,447261,20,59543321,59472604,23.13463679
447019,20,58755875,58686155,22.70456544,,446785,20,58030158,57957612,22.95688875,,446785,20,58030158,57957612,22.87618705
446922,20,58445701,58376395,22.64564372,,446970,20,58638275,58568932,22.68027499,,447022,20,58762885,58693164,22.6275007
446776,20,57989500,57916561,22.52877698,,446776,20,57989500,57916561,22.67464421,,446776,20,57989500,57916561,22.59372242
446970,20,58638275,58568932,22.34095745,,447022,20,58762885,58693164,22.60568892,,446970,20,58638275,58568932,22.5872661
447022,20,58762885,58693164,22.13226122,,446922,20,58445701,58376395,22.33595143,,446922,20,58445701,58376395,22.51709006
446781,20,58008864,57936287,21.95233168,,446781,20,58008864,57936287,22.0890855,,446781,20,58008864,57936287,22.01933164
446915,20,58438067,58368827,21.94538993,,446899,20,58417934,58348529,21.8494708,,446899,20,58417934,58348529,21.72470824
446902,20,58421319,58352081,21.90071711,,446840,20,58214328,58145385,21.6314402,,446840,20,58214328,58145385,21.7182939
446899,20,58417934,58348529,21.63094717,,446900,20,58419922,58350683,21.6255317,,330345,14,2046297,854161,21.50663501
446914,20,58436944,58367704,21.53570531,,446915,20,58438067,58368827,21.51071203,,446900,20,58419922,58350683,21.50409753
330345,14,2046297,854161,21.50860681,,446903,20,58424456,58355215,21.48208212,,446915,20,58438067,58368827,21.50153229
446900,20,58419922,58350683,21.40837704,,446905,20,58426037,58356797,21.48208212,,446839,20,58213780,58144837,21.46318887
446840,20,58214328,58145385,21.35579807,,446906,20,58426752,58357512,21.48208212,,446902,20,58421319,58352081,21.45884404
447116,20,58961109,58891796,21.34366024,,446902,20,58421319,58352081,21.46711911,,446903,20,58424456,58355215,21.34859866
447262,20,59544815,59474097,21.31072819,,330345,14,2046297,854161,21.46066908,,446905,20,58426037,58356797,21.34859866
446903,20,58424456,58355215,21.29115576,,446839,20,58213780,58144837,21.36993162,,446906,20,58426752,58357512,21.34859866
446905,20,58426037,58356797,21.29115576,,446968,20,58635840,58566498,21.34539823,,330346,14,2051225,859251,21.31214352
446906,20,58426752,58357512,21.29115576,,447284,20,59621073,59548849,21.23145247,,330347,14,2054457,862483,21.30592311
447284,20,59621073,59548849,21.21991166,,446914,20,58436944,58367704,21.16833926,,330348,14,2057629,865655,21.30592311
330343,14,2019390,827586,21.15890677,,330346,14,2051225,859251,21.13099449,,330349,14,2066638,873986,21.30592311
330346,14,2051225,859251,21.15446816,,330347,14,2054457,862483,21.13034224,,330350,14,2069181,876529,21.30592311
330347,14,2054457,862483,21.12722175,,330348,14,2057629,865655,21.13034224,,330351,14,2076458,883732,21.30592311
330348,14,2057629,865655,21.12722175,,330349,14,2066638,873986,21.13034224,,330353,14,2089613,896886,21.30592311
330349,14,2066638,873986,21.12722175,,330350,14,2069181,876529,21.13034224,,446968,20,58635840,58566498,21.23174089
330350,14,2069181,876529,21.12722175,,330351,14,2076458,883732,21.13034224,,447116,20,58961109,58891796,21.1963387
330351,14,2076458,883732,21.12722175,,330353,14,2089613,896886,21.13034224,,446914,20,58436944,58367704,21.14990335
330353,14,2089613,896886,21.12722175,,330343,14,2019390,827586,21.08870244,,330343,14,2019390,827586,21.14277113
446839,20,58213780,58144837,21.10428671,,447116,20,58961109,58891796,21.07268453,,447262,20,59544815,59474097,20.97363464
446968,20,58635840,58566498,20.9496699,,447262,20,59544815,59474097,21.01216765,,447284,20,59621073,59548849,20.9680736
446679,20,57650372,57578596,20.81914711,,446904,20,58425019,58355779,20.82614858,,446679,20,57650372,57578596,20.80958741
446743,20,57823885,57749865,20.70808763,,446679,20,57650372,57578596,20.79794668,,446904,20,58425019,58355779,20.73915944
446904,20,58425019,58355779,20.58410627,,446743,20,57823885,57749865,20.76715841,,446743,20,57823885,57749865,20.7145003
446912,20,58433919,58364680,20.28848922,,446912,20,58433919,58364680,20.45428598,,446912,20,58433919,58364680,20.30583338
447105,20,58928800,58859456,20.22452062,,446792,20,58055124,57982693,20.28707457,,446792,20,58055124,57982693,20.2899035
447106,20,58929832,58860488,20.22452062,,447105,20,58928800,58859456,20.00930551,,447105,20,58928800,58859456,20.12611731
447112,20,58938683,58869354,20.22452062,,447106,20,58929832,58860488,20.00930551,,447106,20,58929832,58860488,20.12611731
446792,20,58055124,57982693,20.10574005,,447112,20,58938683,58869354,20.00930551,,447112,20,58938683,58869354,20.12611731
447107,20,58931087,58861743,20.01263619,,447107,20,58931087,58861743,19.79759386,,447107,20,58931087,58861743,19.91468872
447108,20,58932752,58863408,20.01263619,,447108,20,58932752,58863408,19.79759386,,447108,20,58932752,58863408,19.91468872
447109,20,58934789,58865460,20.01263619,,447109,20,58934789,58865460,19.79759386,,447109,20,58934789,58865460,19.91468872
447110,20,58935497,58866168,20.01263619,,447110,20,58935497,58866168,19.79759386,,447110,20,58935497,58866168,19.91468872
447111,20,58936512,58867183,20.01263619,,447111,20,58936512,58867183,19.79759386,,447111,20,58936512,58867183,19.91468872
447113,20,58947745,58878416,20.01263619,,447113,20,58947745,58878416,19.79759386,,447113,20,58947745,58878416,19.91468872
447114,20,58948689,58879360,20.01263619,,447114,20,58948689,58879360,19.79759386,,447114,20,58948689,58879360,19.91468872
447081,20,58896394,58827494,19.66370029,,446789,20,58051506,57979089,19.52651259,,447081,20,58896394,58827494,19.55943082
447082,20,58897890,58828990,19.66370029,,446790,20,58052928,57980512,19.52651259,,447082,20,58897890,58828990,19.55943082
447083,20,58899562,58830662,19.66370029,,446411,20,56699409,56623823,19.4805554,,447083,20,58899562,58830662,19.55943082
447086,20,58902921,58834021,19.66370029,,447081,20,58896394,58827494,19.45119116,,447086,20,58902921,58834021,19.55943082
447089,20,58906478,58837578,19.66370029,,447082,20,58897890,58828990,19.45119116,,447089,20,58906478,58837578,19.55943082
447092,20,58914355,58845455,19.66370029,,447083,20,58899562,58830662,19.45119116,,447092,20,58914355,58845455,19.55943082
447093,20,58915583,58846683,19.66370029,,447086,20,58902921,58834021,19.45119116,,447093,20,58915583,58846683,19.55943082
447094,20,58916701,58847801,19.66370029,,447089,20,58906478,58837578,19.45119116,,447094,20,58916701,58847801,19.55943082
447095,20,58917974,58849074,19.66370029,,447092,20,58914355,58845455,19.45119116,,447095,20,58917974,58849074,19.55943082
447096,20,58919595,58850695,19.66370029,,447093,20,58915583,58846683,19.45119116,,447096,20,58919595,58850695,19.55943082
447097,20,58920803,58851903,19.66370029,,447094,20,58916701,58847801,19.45119116,,447097,20,58920803,58851903,19.55943082
447098,20,58922307,58853407,19.66370029,,447095,20,58917974,58849074,19.45119116,,447098,20,58922307,58853407,19.55943082
447099,20,58923230,58854330,19.66370029,,447096,20,58919595,58850695,19.45119116,,447099,20,58923230,58854330,19.55943082
447100,20,58924069,58855169,19.66370029,,447097,20,58920803,58851903,19.45119116,,447100,20,58924069,58855169,19.55943082
447101,20,58925004,58856103,19.66370029,,447098,20,58922307,58853407,19.45119116,,447101,20,58925004,58856103,19.55943082
447102,20,58925687,58856786,19.66370029,,447099,20,58923230,58854330,19.45119116,,447102,20,58925687,58856786,19.55943082
447103,20,58926579,58857678,19.66370029,,447100,20,58924069,58855169,19.45119116,,447103,20,58926579,58857678,19.55943082
447104,20,58927712,58858368,19.66370029,,447101,20,58925004,58856103,19.45119116,,447104,20,58927712,58858368,19.55943082
446411,20,56699409,56623823,19.61033953,,447102,20,58925687,58856786,19.45119116,,446789,20,58051506,57979089,19.54926674
446789,20,58051506,57979089,19.31163692,,447103,20,58926579,58857678,19.45119116,,446790,20,58052928,57980512,19.54926674
446790,20,58052928,57980512,19.31163692,,447104,20,58927712,58858368,19.45119116,,446411,20,56699409,56623823,19.5259308
447090,20,58908876,58839976,19.30678174,,446777,20,57993253,57920312,19.18722468,,447090,20,58908876,58839976,19.18839509
447091,20,58911097,58842197,19.30678174,,446778,20,57994987,57922046,19.18722468,,447091,20,58911097,58842197,19.18839509
446633,20,57526223,57454844,19.19020726,,446779,20,57996139,57923198,19.18722468,,446777,20,57993253,57920312,19.18134496
446777,20,57993253,57920312,19.08338915,,447090,20,58908876,58839976,19.10689045,,446778,20,57994987,57922046,19.18134496
446778,20,57994987,57922046,19.08338915,,447091,20,58911097,58842197,19.10689045,,446779,20,57996139,57923198,19.18134496
446779,20,57996139,57923198,19.08338915,,446841,20,58215607,58146664,18.83161886,,446841,20,58215607,58146664,18.80849363
446841,20,58215607,58146664,18.68619059,,446633,20,57526223,57454844,18.78780336,,446633,20,57526223,57454844,18.75604998
187584,7,61658718,68575260,18.30681305,,330337,14,1967325,775260,18.22572752,,330337,14,1967325,775260,18.23326717
330337,14,1967325,775260,18.24806874,,447282,20,59596353,59525625,18.0706223,,187584,7,61658718,68575260,18.00569896
447282,20,59596353,59525625,18.19890181,,446947,20,58501904,58432597,17.96173817,,447282,20,59596353,59525625,17.99446906
187580,7,61653332,68569696,18.11640885,,187584,7,61658718,68575260,17.95755265,,187580,7,61653332,68569696,17.79236266
187581,7,61656172,68572536,18.11640885,,446938,20,58477877,58408570,17.82013976,,187581,7,61656172,68572536,17.79236266
187582,7,61656749,68573290,18.11640885,,446940,20,58484497,58415190,17.7864641,,187582,7,61656749,68573290,17.79236266
447075,20,58885160,58818824,17.81289251,,187580,7,61653332,68569696,17.7628041,,446947,20,58501904,58432597,17.75772879
446938,20,58477877,58408570,17.78824763,,187581,7,61656172,68572536,17.7628041,,446938,20,58477877,58408570,17.73799733
446940,20,58484497,58415190,17.75649272,,187582,7,61656749,68573290,17.7628041,,447075,20,58885160,58818824,17.70012393
446947,20,58501904,58432597,17.71065894,,446953,20,58522200,58452892,17.73117409,,446940,20,58484497,58415190,17.69918351
446953,20,58522200,58452892,17.67346372,,447075,20,58885160,58818824,17.61448074,,446953,20,58522200,58452892,17.62779278
447084,20,58900427,58831527,17.36483739,,446986,20,58687090,58617734,17.22600173,,447084,20,58900427,58831527,17.25026905
447085,20,58901406,58832506,17.36483739,,446983,20,58683420,58614079,17.17250357,,447085,20,58901406,58832506,17.25026905
447087,20,58903467,58834567,17.36483739,,446984,20,58684687,58615347,17.17250357,,447087,20,58903467,58834567,17.25026905
447088,20,58904206,58835306,17.36483739,,447084,20,58900427,58831527,17.1705405,,447088,20,58904206,58835306,17.25026905
447360,20,59938123,59861792,17.33822024,,447085,20,58901406,58832506,17.1705405,,446986,20,58687090,58617734,17.15755717
446986,20,58687090,58617734,16.95101936,,447087,20,58903467,58834567,17.1705405,,446983,20,58683420,58614079,17.11031569
446983,20,58683420,58614079,16.88689088,,447088,20,58904206,58835306,17.1705405,,446984,20,58684687,58615347,17.11031569
446984,20,58684687,58615347,16.88689088,,446991,20,58697337,58627995,17.09717951,,446991,20,58697337,58627995,17.03308837
447191,20,59241128,59170695,16.81605019,,446990,20,58696589,58627233,16.98609581,,446891,20,58392839,58323437,16.92585989
447192,20,59249272,59178839,16.81605019,,446989,20,58694122,58624771,16.89336528,,446990,20,58696589,58627233,16.91979038
446991,20,58697337,58627995,16.80823784,,446891,20,58392839,58323437,16.87612652,,446989,20,58694122,58624771,16.83789535
446891,20,58392839,58323437,16.70804769,,446996,20,58704527,58635197,16.79079798,,446996,20,58704527,58635197,16.72755894
446990,20,58696589,58627233,16.68756091,,447360,20,59938123,59861792,16.77565141,,447360,20,59938123,59861792,16.70690538
447222,20,59424738,59355860,16.68167328,,446748,20,57867950,57794916,16.61783898,,446748,20,57867950,57794916,16.63309756
447223,20,59425773,59356895,16.68167328,,446995,20,58700812,58631483,16.60685113,,446888,20,58374946,58305425,16.58938097
447224,20,59428207,59359328,16.68167328,,447287,20,59631182,59558955,16.57580216,,447191,20,59241128,59170695,16.5603132
447226,20,59432988,59364108,16.68167328,,447288,20,59632803,59560576,16.57580216,,447192,20,59249272,59178839,16.5603132
446989,20,58694122,58624771,16.59296178,,447289,20,59635123,59562896,16.57580216,,446995,20,58700812,58631483,16.54853193
447292,20,59649965,59577738,16.58618414,,447290,20,59636679,59564452,16.57580216,,446994,20,58700244,58630915,16.4576926
447293,20,59656056,59583825,16.58618414,,446888,20,58374946,58305425,16.52319632,,447287,20,59631182,59558955,16.36835248
447294,20,59659683,59587450,16.58618414,,446994,20,58700244,58630915,16.51419837,,447288,20,59632803,59560576,16.36835248
447287,20,59631182,59558955,16.57818789,,447191,20,59241128,59170695,16.43569545,,447289,20,59635123,59562896,16.36835248
447288,20,59632803,59560576,16.57818789,,447192,20,59249272,59178839,16.43569545,,447290,20,59636679,59564452,16.36835248
447289,20,59635123,59562896,16.57818789,,447222,20,59424738,59355860,16.20906088,,447222,20,59424738,59355860,16.18046545
447290,20,59636679,59564452,16.57818789,,447223,20,59425773,59356895,16.20906088,,447223,20,59425773,59356895,16.18046545
446996,20,58704527,58635197,16.49247381,,447224,20,59428207,59359328,16.20906088,,447224,20,59428207,59359328,16.18046545
446748,20,57867950,57794916,16.44441888,,447226,20,59432988,59364108,16.20906088,,447226,20,59432988,59364108,16.18046545
446888,20,58374946,58305425,16.34616718,,447292,20,59649965,59577738,16.17798606,,447292,20,59649965,59577738,16.09888033
447214,20,59415139,59346269,16.32835311,,447293,20,59656056,59583825,16.17798606,,447293,20,59656056,59583825,16.09888033
447217,20,59419577,59350707,16.32835311,,447294,20,59659683,59587450,16.17798606,,447294,20,59659683,59587450,16.09888033
447218,20,59420556,59351685,16.32835311,,447214,20,59415139,59346269,15.86157373,,447214,20,59415139,59346269,15.82526824
447219,20,59421387,59352516,16.32835311,,447217,20,59419577,59350707,15.86157373,,447217,20,59419577,59350707,15.82526824
447220,20,59422185,59353314,16.32835311,,447218,20,59420556,59351685,15.86157373,,447218,20,59420556,59351685,15.82526824
447221,20,59422970,59354091,16.32835311,,447219,20,59421387,59352516,15.86157373,,447219,20,59421387,59352516,15.82526824
446995,20,58700812,58631483,16.30404154,,447220,20,59422185,59353314,15.86157373,,447220,20,59422185,59353314,15.82526824
446994,20,58700244,58630915,16.210986,,447221,20,59422970,59354091,15.86157373,,447221,20,59422970,59354091,15.82526824
447148,20,59109201,59038858,16.07055748,,446871,20,58329934,58260413,15.68135789,,447148,20,59109201,59038858,15.73456805
447264,20,59552812,59482097,15.69740821,,446872,20,58330724,58261203,15.68135789,,446871,20,58329934,58260413,15.72915481
446871,20,58329934,58260413,15.66235774,,446873,20,58331471,58261948,15.68135789,,446872,20,58330724,58261203,15.72915481
446872,20,58330724,58261203,15.66235774,,446874,20,58332120,58262597,15.68135789,,446873,20,58331471,58261948,15.72915481
446873,20,58331471,58261948,15.66235774,,446879,20,58338901,58269380,15.68135789,,446874,20,58332120,58262597,15.72915481
446874,20,58332120,58262597,15.66235774,,446880,20,58341136,58271616,15.68135789,,446879,20,58338901,58269380,15.72915481
446879,20,58338901,58269380,15.66235774,,447148,20,59109201,59038858,15.65596433,,446880,20,58341136,58271616,15.72915481
446880,20,58341136,58271616,15.66235774,,446476,20,56867611,56792004,15.64212872,,446476,20,56867611,56792004,15.57418749
446476,20,56867611,56792004,15.50642183,,447264,20,59552812,59482097,15.56247014,,446870,20,58329179,58259660,15.56373383
446870,20,58329179,58259660,15.5043651,,446870,20,58329179,58259660,15.52025787,,447264,20,59552812,59482097,15.54719012
447155,20,59125118,59055043,15.2777636,,330295,14,1489496,305780,15.17747714,,330295,14,1489496,305780,15.21422911
447156,20,59126676,59056598,15.2777636,,446849,20,58257778,58188829,14.93127092,,446843,20,58219913,58150965,14.94572546
330295,14,1489496,305780,15.26657985,,446803,20,58090673,58018222,14.87298893,,447155,20,59125118,59055043,14.92527752
447728,20,61616232,61522915,14.89432115,,447155,20,59125118,59055043,14.83851585,,447156,20,59126676,59056598,14.92527752
446659,20,57569177,57497411,14.76254697,,447156,20,59126676,59056598,14.83851585,,446849,20,58257778,58188829,14.89278632
446803,20,58090673,58018222,14.75976121,,446843,20,58219913,58150965,14.81173233,,446803,20,58090673,58018222,14.89214036
446495,20,56931376,56855731,14.74236252,,447728,20,61616232,61522915,14.71067824,,446495,20,56931376,56855731,14.72752955
446496,20,56932256,56856611,14.74236252,,446495,20,56931376,56855731,14.62744507,,446496,20,56932256,56856611,14.72752955
446497,20,56933440,56857795,14.74236252,,446496,20,56932256,56856611,14.62744507,,446497,20,56933440,56857795,14.72752955
446498,20,56934353,56858708,14.74236252,,446497,20,56933440,56857795,14.62744507,,446498,20,56934353,56858708,14.72752955
446499,20,56934972,56859327,14.74236252,,446498,20,56934353,56858708,14.62744507,,446499,20,56934972,56859327,14.72752955
446500,20,56936414,56860769,14.74236252,,446499,20,56934972,56859327,14.62744507,,446500,20,56936414,56860769,14.72752955
446501,20,56936994,56861349,14.74236252,,446500,20,56936414,56860769,14.62744507,,446501,20,56936994,56861349,14.72752955
446502,20,56937682,56862037,14.74236252,,446501,20,56936994,56861349,14.62744507,,446502,20,56937682,56862037,14.72752955
446503,20,56938304,56862657,14.74236252,,446502,20,56937682,56862037,14.62744507,,446503,20,56938304,56862657,14.72752955
446849,20,58257778,58188829,14.67027165,,446503,20,56938304,56862657,14.62744507,,447728,20,61616232,61522915,14.64355256
447230,20,59443080,59374201,14.66901204,,446882,20,58348909,58279392,14.44195755,,446882,20,58348909,58279392,14.42458464
446399,20,56677390,56601799,14.64884843,,446945,20,58497610,58428304,14.43570949,,446945,20,58497610,58428304,14.29991277
446843,20,58219913,58150965,14.58693341,,446399,20,56677390,56601799,14.3696933,,446399,20,56677390,56601799,14.24769688
446658,20,57568383,57496618,14.54230939,,446659,20,57569177,57497411,14.35141461,,446659,20,57569177,57497411,14.19843407
446882,20,58348909,58279392,14.39993187,,446976,20,58656147,58586804,14.24193409,,447230,20,59443080,59374201,14.12857503
447710,20,61560130,61467150,14.29890164,,446967,20,58629064,58559722,14.19476901,,446967,20,58629064,58559722,14.11227184
446387,20,56650093,56574499,14.26230093,,447230,20,59443080,59374201,14.16268866,,447049,20,58830364,58760915,14.10929769
446389,20,56652022,56576428,14.26230093,,447049,20,58830364,58760915,14.16088927,,446976,20,58656147,58586804,14.10700801
446390,20,56653188,56577594,14.26230093,,446658,20,57568383,57496618,14.1374499,,447710,20,61560130,61467150,14.01382416
446391,20,56655926,56580332,14.26230093,,446387,20,56650093,56574499,14.12749209,,446875,20,58334156,58264632,14.00924403
446392,20,56658550,56582959,14.26230093,,446389,20,56652022,56576428,14.12749209,,446877,20,58337133,58267612,14.00924403
446393,20,56665767,56590175,14.26230093,,446390,20,56653188,56577594,14.12749209,,446387,20,56650093,56574499,14.00768474
446394,20,56668286,56592695,14.26230093,,446391,20,56655926,56580332,14.12749209,,446389,20,56652022,56576428,14.00768474
446976,20,58656147,58586804,14.25444665,,446392,20,56658550,56582959,14.12749209,,446390,20,56653188,56577594,14.00768474
446656,20,57565426,57493657,14.14774333,,446393,20,56665767,56590175,14.12749209,,446391,20,56655926,56580332,14.00768474
446945,20,58497610,58428304,14.13681775,,446394,20,56668286,56592695,14.12749209,,446392,20,56658550,56582959,14.00768474
446967,20,58629064,58559722,14.07742904,,447710,20,61560130,61467150,14.08429592,,446393,20,56665767,56590175,14.00768474
447068,20,58872222,58802919,14.05251931,,446875,20,58334156,58264632,14.01995837,,446394,20,56668286,56592695,14.00768474
446875,20,58334156,58264632,13.98586326,,446877,20,58337133,58267612,14.01995837,,446658,20,57568383,57496618,13.9749811
446877,20,58337133,58267612,13.98586326,,446746,20,57853785,57780754,14.0119791,,446881,20,58343040,58273520,13.97414656
446746,20,57853785,57780754,13.97329259,,446747,20,57856902,57783872,14.0119791,,446746,20,57853785,57780754,13.9692102
446747,20,57856902,57783872,13.97329259,,446881,20,58343040,58273520,13.98573795,,446747,20,57856902,57783872,13.9692102
446881,20,58343040,58273520,13.95765094,,446971,20,58641921,58572577,13.89398747,,446971,20,58641921,58572577,13.76493824
446971,20,58641921,58572577,13.90760702,,446974,20,58649659,58580316,13.89398747,,446974,20,58649659,58580316,13.76493824
446974,20,58649659,58580316,13.90760702,,447068,20,58872222,58802919,13.86836467,,446977,20,58657245,58587902,13.7106532
447049,20,58830364,58760915,13.87173775,,446977,20,58657245,58587902,13.8380395,,447068,20,58872222,58802919,13.70322028
446977,20,58657245,58587902,13.84844775,,446656,20,57565426,57493657,13.75380556,,446656,20,57565426,57493657,13.59922154
446612,20,57499704,57423604,13.78488035,,447069,20,58878031,58808728,13.50265016,,447188,20,59228160,59157710,13.5492504
447069,20,58878031,58808728,13.68017964,,446987,20,58690377,58621027,13.48543208,,446434,20,56775330,56699876,13.4600191
446446,20,56789221,56713859,13.66338066,,446985,20,58685436,58616095,13.48178358,,446436,20,56776843,56701389,13.4600191
446434,20,56775330,56699876,13.59265769,,446612,20,57499704,57423604,13.47378076,,446438,20,56778316,56702861,13.4600191
446436,20,56776843,56701389,13.59265769,,446992,20,58698372,58629034,13.47151606,,446439,20,56778917,56703462,13.4600191
446438,20,56778316,56702861,13.59265769,,447188,20,59228160,59157710,13.45007471,,446440,20,56779768,56704315,13.4600191
446439,20,56778917,56703462,13.59265769,,446434,20,56775330,56699876,13.43307224,,446441,20,56780655,56705200,13.4600191
446440,20,56779768,56704315,13.59265769,,446436,20,56776843,56701389,13.43307224,,446442,20,56781537,56706083,13.4600191
446441,20,56780655,56705200,13.59265769,,446438,20,56778316,56702861,13.43307224,,446443,20,56782737,56707374,13.4600191
446442,20,56781537,56706083,13.59265769,,446439,20,56778917,56703462,13.43307224,,446446,20,56789221,56713859,13.45596027
446443,20,56782737,56707374,13.59265769,,446440,20,56779768,56704315,13.43307224,,446612,20,57499704,57423604,13.41620251
447227,20,59437570,59368690,13.58208422,,446441,20,56780655,56705200,13.43307224,,446987,20,58690377,58621027,13.40643101
447228,20,59438810,59369929,13.58208422,,446442,20,56781537,56706083,13.43307224,,446985,20,58685436,58616095,13.40529978
447188,20,59228160,59157710,13.54242689,,446443,20,56782737,56707374,13.43307224,,446992,20,58698372,58629034,13.39261449
446859,20,58297623,58228619,13.52251942,,446446,20,56789221,56713859,13.42962943,,447069,20,58878031,58808728,13.34120655
446860,20,58300048,58231069,13.52251942,,446939,20,58483749,58414442,13.32250549,,446939,20,58483749,58414442,13.17562423
447706,20,61549147,61456185,13.42854367,,446993,20,58699308,58629979,13.2203448,,447706,20,61549147,61456185,13.13828844
446253,20,56224764,56165282,13.40854352,,447706,20,61549147,61456185,13.20622537,,447269,20,59568069,59497357,13.11061359
446255,20,56249149,56189041,13.40854352,,447715,20,61584377,61491397,13.16359986,,446993,20,58699308,58629979,13.09397493
447715,20,61584377,61491397,13.39311702,,447269,20,59568069,59497357,13.15714855,,447227,20,59437570,59368690,13.09067014
447269,20,59568069,59497357,13.3397272,,447227,20,59437570,59368690,13.11463871,,447228,20,59438810,59369929,13.09067014
446939,20,58483749,58414442,13.23161306,,447228,20,59438810,59369929,13.11463871,,447715,20,61584377,61491397,13.09058035
446985,20,58685436,58616095,13.2124133,,446253,20,56224764,56165282,13.07293811,,446745,20,57852005,57778974,12.99207121
446987,20,58690377,58621027,13.20247666,,446255,20,56249149,56189041,13.07293811,,446253,20,56224764,56165282,12.98373738
446992,20,58698372,58629034,13.18939759,,446745,20,57852005,57778974,13.05680691,,446255,20,56249149,56189041,12.98373738
447215,20,59415858,59346988,13.12241674,,446859,20,58297623,58228619,12.97284255,,447053,20,58834717,58765268,12.89207326
446858,20,58293959,58224955,13.08540937,,446860,20,58300048,58231069,12.97284255,,446859,20,58297623,58228619,12.89150407
446745,20,57852005,57778974,13.01429059,,447053,20,58834717,58765268,12.91383719,,446860,20,58300048,58231069,12.89150407
446993,20,58699308,58629979,12.92255164,,446731,20,57781878,57708830,12.8122717,,446731,20,57781878,57708830,12.78590047
446309,20,56390256,56327484,12.90201125,,446732,20,57790574,57717528,12.8122717,,446732,20,57790574,57717528,12.78590047
446731,20,57781878,57708830,12.85261877,,446733,20,57791164,57718118,12.8122717,,446733,20,57791164,57718118,12.78590047
446732,20,57790574,57717528,12.85261877,,446734,20,57791853,57718807,12.8122717,,446734,20,57791853,57718807,12.78590047
446733,20,57791164,57718118,12.85261877,,446735,20,57793808,57720761,12.8122717,,446735,20,57793808,57720761,12.78590047
446734,20,57791853,57718807,12.85261877,,446736,20,57795287,57722239,12.8122717,,446736,20,57795287,57722239,12.78590047
446735,20,57793808,57720761,12.85261877,,446739,20,57809529,57735525,12.8122717,,446739,20,57809529,57735525,12.78590047
446736,20,57795287,57722239,12.85261877,,446309,20,56390256,56327484,12.7909048,,446309,20,56390256,56327484,12.75884746
446739,20,57809529,57735525,12.85261877,,447215,20,59415858,59346988,12.70371757,,446845,20,58233514,58164566,12.69126402
447053,20,58834717,58765268,12.75287727,,446969,20,58637466,58568123,12.70058078,,447215,20,59415858,59346988,12.65229995
446969,20,58637466,58568123,12.67772841,,446413,20,56706065,56630479,12.59656973,,446413,20,56706065,56630479,12.6386105
446809,20,58114414,58041746,12.61895423,,446845,20,58233514,58164566,12.59240454,,446969,20,58637466,58568123,12.59857146
446810,20,58116133,58043465,12.61895423,,446858,20,58293959,58224955,12.58904252,,446855,20,58280676,58211674,12.50800685
446413,20,56706065,56630479,12.61735837,,446855,20,58280676,58211674,12.51903346,,446858,20,58293959,58224955,12.49991849
447735,20,61641222,61547200,12.61331861,,446534,20,57041322,56966594,12.44461584,,446809,20,58114414,58041746,12.42033111
447612,20,61258531,61167437,12.57618876,,446809,20,58114414,58041746,12.36049433,,446810,20,58116133,58043465,12.42033111
446244,20,56174801,56116290,12.50488484,,446810,20,58116133,58043465,12.36049433,,446534,20,57041322,56966594,12.40288231
446247,20,56185679,56127170,12.50488484,,447735,20,61641222,61547200,12.31563884,,446812,20,58121931,58049269,12.298337
446812,20,58121931,58049269,12.490458,,447612,20,61258531,61167437,12.29982046,,446815,20,58138194,58065533,12.298337
446815,20,58138194,58065533,12.490458,,446812,20,58121931,58049269,12.23871996,,446816,20,58139158,58066497,12.298337
446816,20,58139158,58066497,12.490458,,446815,20,58138194,58065533,12.23871996,,446817,20,58142082,58069418,12.298337
446817,20,58142082,58069418,12.490458,,446816,20,58139158,58066497,12.23871996,,446818,20,58144150,58071495,12.298337
446818,20,58144150,58071495,12.490458,,446817,20,58142082,58069418,12.23871996,,447612,20,61258531,61167437,12.26572939
446845,20,58233514,58164566,12.41453202,,446818,20,58144150,58071495,12.23871996,,447735,20,61641222,61547200,12.24443749
446534,20,57041322,56966594,12.30593156,,446244,20,56174801,56116290,12.18352013,,446811,20,58120815,58048147,12.11438351
446811,20,58120815,58048147,12.30336959,,446247,20,56185679,56127170,12.18352013,,446244,20,56174801,56116290,12.10716334
446855,20,58280676,58211674,12.2368287,,446741,20,57820968,57746948,12.09476759,,446247,20,56185679,56127170,12.10716334
447610,20,61250490,61159396,12.22838864,,446601,20,57441510,57365431,12.063044,,446601,20,57441510,57365431,12.09019038
447611,20,61251398,61160304,12.22838864,,446811,20,58120815,58048147,12.05787969,,446741,20,57820968,57746948,12.04168129
446290,20,56327023,56266136,12.10640899,,446919,20,58444097,58374863,12.03599306,,446290,20,56327023,56266136,11.91094609
446919,20,58444097,58374863,12.10488887,,446290,20,56327023,56266136,11.95657339,,447610,20,61250490,61159396,11.90316969
446741,20,57820968,57746948,12.06059193,,447610,20,61250490,61159396,11.94894073,,447611,20,61251398,61160304,11.90316969
446601,20,57441510,57365431,11.92267991,,447611,20,61251398,61160304,11.94894073,,446919,20,58444097,58374863,11.87786942
446916,20,58440010,58370776,11.87412371,,447043,20,58824593,58755144,11.9107985,,446842,20,58218138,58149190,11.85272723
446918,20,58441052,58371818,11.87412371,,447044,20,58825161,58755712,11.9107985,,330328,14,1892559,700497,11.76722853
330328,14,1892559,700497,11.69842175,,446946,20,58500982,58431675,11.76882238,,446836,20,58204952,58136014,11.76263129
447043,20,58824593,58755144,11.69017728,,446842,20,58218138,58149190,11.75708364,,446837,20,58208960,58140018,11.76263129
447044,20,58825161,58755712,11.69017728,,330328,14,1892559,700497,11.7442804,,330326,14,1868636,676575,11.75062441
330326,14,1868636,676575,11.67901664,,330326,14,1868636,676575,11.72849581,,446946,20,58500982,58431675,11.74806231
446842,20,58218138,58149190,11.58089006,,446836,20,58204952,58136014,11.66791315,,447043,20,58824593,58755144,11.68729667
446946,20,58500982,58431675,11.58073362,,446837,20,58208960,58140018,11.66791315,,447044,20,58825161,58755712,11.68729667
446908,20,58429327,58360086,11.50296253,,447032,20,58811558,58742109,11.59491328,,447032,20,58811558,58742109,11.51110941
446836,20,58204952,58136014,11.48846138,,446908,20,58429327,58360086,11.59463079,,446908,20,58429327,58360086,11.50141614
446837,20,58208960,58140018,11.48846138,,330327,14,1880378,688317,11.35104419,,446954,20,58524213,58454905,11.40291027
446814,20,58132995,58060335,11.48509789,,446954,20,58524213,58454905,11.34987034,,330327,14,1880378,688317,11.36654397
446854,20,58274449,58205447,11.40684566,,446916,20,58440010,58370776,11.33155663,,446814,20,58132995,58060335,11.32536864
447225,20,59431235,59362356,11.33928592,,446918,20,58441052,58371818,11.33155663,,446916,20,58440010,58370776,11.31560981
447032,20,58811558,58742109,11.32775307,,446744,20,57845716,57772687,11.31726975,,446918,20,58441052,58371818,11.31560981
447397,20,60136543,60058642,11.32039889,,446814,20,58132995,58060335,11.25612259,,446854,20,58274449,58205447,11.27778814
330327,14,1880378,688317,11.3105695,,446854,20,58274449,58205447,11.2290589,,446744,20,57845716,57772687,11.26803889
446744,20,57845716,57772687,11.29387193,,447705,20,61547910,61454946,11.20295847,,447705,20,61547910,61454946,11.21130057
446954,20,58524213,58454905,11.25638908,,447709,20,61554405,61461446,11.20295847,,447709,20,61554405,61461446,11.21130057
447705,20,61547910,61454946,11.14072918,,447397,20,60136543,60058642,11.13337613,,446966,20,58607836,58538519,11.18270127
447709,20,61554405,61461446,11.14072918,,446966,20,58607836,58538519,11.09133629,,447225,20,59431235,59362356,11.01696463
446634,20,57526922,57455543,11.13650389,,447225,20,59431235,59362356,11.02804984,,447397,20,60136543,60058642,10.97806781
446635,20,57527496,57456117,11.13650389,,330340,14,2002126,810116,10.90365605,,330340,14,2002126,810116,10.92197791
446636,20,57528724,57457348,11.13650389,,446613,20,57504332,57432953,10.82238194,,446613,20,57504332,57432953,10.77609016
446640,20,57540780,57469402,11.13650389,,446615,20,57505866,57434487,10.82238194,,446615,20,57505866,57434487,10.77609016
446642,20,57545372,57473962,11.13650389,,446616,20,57506585,57435206,10.82238194,,446616,20,57506585,57435206,10.77609016
446643,20,57547689,57476278,11.13650389,,446634,20,57526922,57455543,10.78535518,,447701,20,61536175,61443212,10.76930464
446613,20,57504332,57432953,11.07210823,,446635,20,57527496,57456117,10.78535518,,330359,14,2147133,955943,10.76456229
446615,20,57505866,57434487,11.07210823,,446636,20,57528724,57457348,10.78535518,,446634,20,57526922,57455543,10.72792766
446616,20,57506585,57435206,11.07210823,,446640,20,57540780,57469402,10.78535518,,446635,20,57527496,57456117,10.72792766
446638,20,57537552,57466172,11.02376273,,446642,20,57545372,57473962,10.78535518,,446636,20,57528724,57457348,10.72792766
446966,20,58607836,58538519,10.94318122,,446643,20,57547689,57476278,10.78535518,,446640,20,57540780,57469402,10.72792766
445917,20,54799587,54724263,10.88345742,,447701,20,61536175,61443212,10.76256069,,446642,20,57545372,57473962,10.72792766
330340,14,2002126,810116,10.85795778,,330316,14,1672047,483275,10.73476824,,446643,20,57547689,57476278,10.72792766
445887,20,54556768,54481433,10.8227886,,330317,14,1672913,482409,10.73476824,,445887,20,54556768,54481433,10.72541955
445888,20,54558176,54482841,10.8227886,,445887,20,54556768,54481433,10.7125238,,445888,20,54558176,54482841,10.72541955
445889,20,54560940,54485605,10.8227886,,445888,20,54558176,54482841,10.7125238,,445889,20,54560940,54485605,10.72541955
330316,14,1672047,483275,10.81183509,,445889,20,54560940,54485605,10.7125238,,330316,14,1672047,483275,10.72322941
330317,14,1672913,482409,10.81183509,,330359,14,2147133,955943,10.70128153,,330317,14,1672913,482409,10.72322941
330359,14,2147133,955943,10.70992319,,446638,20,57537552,57466172,10.68058782,,446680,20,57653062,57581285,10.6552896
447701,20,61536175,61443212,10.69442623,,445917,20,54799587,54724263,10.67348038,,446681,20,57654307,57582530,10.6552896
330318,14,1675278,490055,10.6716765,,330318,14,1675278,490055,10.59875713,,445917,20,54799587,54724263,10.64711431
446232,20,56089684,56031217,10.64474896,,446680,20,57653062,57581285,10.59123839,,446638,20,57537552,57466172,10.62708097
446680,20,57653062,57581285,10.5607265,,446681,20,57654307,57582530,10.59123839,,330318,14,1675278,490055,10.58710894
446681,20,57654307,57582530,10.5607265,,330321,14,1696470,511247,10.4464104,,447414,20,60213792,60136268,10.52146495
330321,14,1696470,511247,10.5074049,,446232,20,56089684,56031217,10.41731375,,330321,14,1696470,511247,10.45548431
446233,20,56094642,56036175,10.46785059,,447414,20,60213792,60136268,10.31919164,,446232,20,56089684,56031217,10.41476836
446234,20,56103518,56045051,10.46785059,,330320,14,1683767,498544,10.28914055,,330320,14,1683767,498544,10.30076061
446647,20,57557612,57486206,10.46414379,,446233,20,56094642,56036175,10.23975017,,446233,20,56094642,56036175,10.23391015
330320,14,1683767,498544,10.36755355,,446234,20,56103518,56045051,10.23975017,,446234,20,56103518,56045051,10.23391015
330324,14,1855090,663029,10.01426867,,446647,20,57557612,57486206,10.21287915,,446647,20,57557612,57486206,10.16856324
447311,20,59692244,59620012,10.01069752,,330324,14,1855090,663029,10.10344316,,330324,14,1855090,663029,10.10411683
447312,20,59693369,59621136,10.01069752,,330325,14,1861799,669738,10.07978328,,330325,14,1861799,669738,10.08120482
447313,20,59695293,59623060,10.01069752,,330272,14,1308359,146715,10.00897082,,330272,14,1308359,146715,10.07697579
447314,20,59698666,59626135,10.01069752,,446459,20,56813052,56737628,9.755063804,,446459,20,56813052,56737628,9.788867585
447315,20,59701266,59628736,10.01069752,,446461,20,56818033,56742609,9.755063804,,446461,20,56818033,56742609,9.788867585
447316,20,59709034,59636504,10.01069752,,446462,20,56819226,56743802,9.736505431,,446462,20,56819226,56743802,9.770440657
447317,20,59711687,59639157,10.01069752,,446464,20,56824862,56749304,9.724952255,,446464,20,56824862,56749304,9.754609077
447320,20,59717500,59644970,10.01069752,,446467,20,56832844,56757259,9.685638602,,446669,20,57631938,57560156,9.729344778
447322,20,59725153,59652625,10.01069752,,446469,20,56836601,56761016,9.685638602,,446670,20,57633460,57561678,9.729344778
447296,20,59667297,59595066,9.992299824,,446669,20,57631938,57560156,9.665364604,,446673,20,57637264,57565488,9.729344778
447297,20,59669683,59597448,9.992299824,,446670,20,57633460,57561678,9.665364604,,446467,20,56832844,56757259,9.712818361
447298,20,59670555,59598320,9.992299824,,446673,20,57637264,57565488,9.665364604,,446469,20,56836601,56761016,9.712818361
447299,20,59671280,59599045,9.992299824,,446372,20,56611709,56535796,9.636428606,,446372,20,56611709,56535796,9.709345691
447300,20,59672148,59599913,9.992299824,,446375,20,56615255,56539342,9.636428606,,446375,20,56615255,56539342,9.709345691
447301,20,59674285,59602050,9.992299824,,330341,14,2002873,810863,9.618559082,,330341,14,2002873,810863,9.647211642
447302,20,59675352,59603117,9.992299824,,447311,20,59692244,59620012,9.565789596,,447311,20,59692244,59620012,9.502984411
447303,20,59676282,59604048,9.992299824,,447312,20,59693369,59621136,9.565789596,,447312,20,59693369,59621136,9.502984411
447304,20,59677553,59605319,9.992299824,,447313,20,59695293,59623060,9.565789596,,447313,20,59695293,59623060,9.502984411
447305,20,59678172,59605938,9.992299824,,447314,20,59698666,59626135,9.565789596,,447314,20,59698666,59626135,9.502984411
447306,20,59679016,59606782,9.992299824,,447315,20,59701266,59628736,9.565789596,,447315,20,59701266,59628736,9.502984411
447307,20,59679947,59607713,9.992299824,,447316,20,59709034,59636504,9.565789596,,447316,20,59709034,59636504,9.502984411
447308,20,59680939,59608705,9.992299824,,447317,20,59711687,59639157,9.565789596,,447317,20,59711687,59639157,9.502984411
447309,20,59689164,59616932,9.992299824,,447320,20,59717500,59644970,9.565789596,,447320,20,59717500,59644970,9.502984411
330325,14,1861799,669738,9.989754108,,447322,20,59725153,59652625,9.565789596,,447322,20,59725153,59652625,9.502984411
447414,20,60213792,60136268,9.98550105,,447296,20,59667297,59595066,9.545609576,,447296,20,59667297,59595066,9.484218915
330272,14,1308359,146715,9.930698098,,447297,20,59669683,59597448,9.545609576,,447297,20,59669683,59597448,9.484218915
447310,20,59690653,59618421,9.865111974,,447298,20,59670555,59598320,9.545609576,,447298,20,59670555,59598320,9.484218915
446459,20,56813052,56737628,9.80739385,,447299,20,59671280,59599045,9.545609576,,447299,20,59671280,59599045,9.484218915
446461,20,56818033,56742609,9.80739385,,447300,20,59672148,59599913,9.545609576,,447300,20,59672148,59599913,9.484218915
446462,20,56819226,56743802,9.788246324,,447301,20,59674285,59602050,9.545609576,,447301,20,59674285,59602050,9.484218915
446464,20,56824862,56749304,9.784061176,,447302,20,59675352,59603117,9.545609576,,447302,20,59675352,59603117,9.484218915
446467,20,56832844,56757259,9.745742473,,447303,20,59676282,59604048,9.545609576,,447303,20,59676282,59604048,9.484218915
446469,20,56836601,56761016,9.745742473,,447304,20,59677553,59605319,9.545609576,,447304,20,59677553,59605319,9.484218915
446669,20,57631938,57560156,9.743742714,,447305,20,59678172,59605938,9.545609576,,447305,20,59678172,59605938,9.484218915
446670,20,57633460,57561678,9.743742714,,447306,20,59679016,59606782,9.545609576,,447306,20,59679016,59606782,9.484218915
446673,20,57637264,57565488,9.743742714,,447307,20,59679947,59607713,9.545609576,,447307,20,59679947,59607713,9.484218915
446372,20,56611709,56535796,9.672269129,,447308,20,59680939,59608705,9.545609576,,447308,20,59680939,59608705,9.484218915
446375,20,56615255,56539342,9.672269129,,447309,20,59689164,59616932,9.545609576,,447309,20,59689164,59616932,9.484218915
330341,14,2002873,810863,9.60408689,,447310,20,59690653,59618421,9.428526765,,447310,20,59690653,59618421,9.364989003
447050,20,58831695,58762246,9.32812171,,447050,20,58831695,58762246,9.387507861,,447050,20,58831695,58762246,9.348686295
447236,20,59460739,59391838,9.261213119,,330329,14,1911696,719634,9.262267349,,447466,20,60454083,60372093,9.346075159
447237,20,59461286,59392384,9.261213119,,447133,20,59049539,58978967,9.238716164,,447467,20,60459880,60377896,9.346075159
447242,20,59469974,59401072,9.261213119,,447134,20,59056114,58985542,9.238716164,,330329,14,1911696,719634,9.244107161
445983,20,55083945,55008751,9.223486684,,447139,20,59067185,58996613,9.238716164,,445983,20,55083945,55008751,9.242621375
447466,20,60454083,60372093,9.215630843,,447236,20,59460739,59391838,9.238615239,,447133,20,59049539,58978967,9.216256177
447467,20,60459880,60377896,9.215630843,,447237,20,59461286,59392384,9.238615239,,447134,20,59056114,58985542,9.216256177
330329,14,1911696,719634,9.18781135,,447242,20,59469974,59401072,9.238615239,,447139,20,59067185,58996613,9.216256177
445918,20,54800174,54724850,9.16597765,,445983,20,55083945,55008751,9.237720871,,447236,20,59460739,59391838,9.095928529
446349,20,56540200,56463463,9.120638717,,447466,20,60454083,60372093,9.097263746,,447237,20,59461286,59392384,9.095928529
446649,20,57558845,57487439,9.106913508,,447467,20,60459880,60377896,9.097263746,,447242,20,59469974,59401072,9.095928529
446650,20,57559463,57488057,9.106913508,,445918,20,54800174,54724850,9.016015199,,445918,20,54800174,54724850,9.024005141
446651,20,57560154,57488750,9.106913508,,330332,14,1943598,751534,8.996840726,,330332,14,1943598,751534,8.981194261
446652,20,57560993,57489593,9.106913508,,447699,20,61534245,61441283,8.878764256,,447699,20,61534245,61441283,8.886825939
446653,20,57561923,57490523,9.106913508,,446349,20,56540200,56463463,8.864667347,,330374,14,2257386,1063078,8.869611006
446654,20,57562712,57491312,9.106913508,,446649,20,57558845,57487439,8.831772327,,446349,20,56540200,56463463,8.806066157
446655,20,57564898,57493129,9.106913508,,446650,20,57559463,57488057,8.831772327,,446649,20,57558845,57487439,8.786875168
447133,20,59049539,58978967,9.10415361,,446651,20,57560154,57488750,8.831772327,,446650,20,57559463,57488057,8.786875168
447134,20,59056114,58985542,9.10415361,,446652,20,57560993,57489593,8.831772327,,446651,20,57560154,57488750,8.786875168
447139,20,59067185,58996613,9.10415361,,446653,20,57561923,57490523,8.831772327,,446652,20,57560993,57489593,8.786875168
446657,20,57566203,57494432,9.053865774,,446654,20,57562712,57491312,8.831772327,,446653,20,57561923,57490523,8.786875168
330332,14,1943598,751534,8.943342311,,446655,20,57564898,57493129,8.831772327,,446654,20,57562712,57491312,8.786875168
447699,20,61534245,61441283,8.895856689,,446657,20,57566203,57494432,8.779321859,,446655,20,57564898,57493129,8.786875168
447295,20,59664391,59592160,8.866404899,,330331,14,1923292,731230,8.741111816,,446657,20,57566203,57494432,8.736071221
447401,20,60161906,60084453,8.858783899,,330374,14,2257386,1063078,8.728404724,,330331,14,1923292,731230,8.722508225
330374,14,2257386,1063078,8.772046138,,447401,20,60161906,60084453,8.694033416,,447401,20,60161906,60084453,8.697451185
330331,14,1923292,731230,8.689450824,,446813,20,58131763,58059102,8.596994018,,446813,20,58131763,58059102,8.619512699
445893,20,54613044,54537704,8.629960092,,447702,20,61537001,61444036,8.577167924,,447702,20,61537001,61444036,8.59082878
446329,20,56454277,56391240,8.611933647,,446951,20,58517941,58448632,8.5692384,,447693,20,61508789,61416508,8.558984805
446313,20,56414792,56351587,8.576753347,,446313,20,56414792,56351587,8.538890924,,447295,20,59664391,59592160,8.535456162
447702,20,61537001,61444036,8.569450718,,446314,20,56424039,56360840,8.535457231,,446951,20,58517941,58448632,8.52422316
447231,20,59443828,59374949,8.548158487,,446311,20,56401136,56337934,8.505595334,,446313,20,56414792,56351587,8.499000686
447232,20,59444661,59375782,8.548158487,,446312,20,56413244,56350039,8.505595334,,447703,20,61539719,61446757,8.495747473
446311,20,56401136,56337934,8.542609851,,447295,20,59664391,59592160,8.50365406,,446311,20,56401136,56337934,8.465221512
446312,20,56413244,56350039,8.542609851,,447693,20,61508789,61416508,8.497026775,,446312,20,56413244,56350039,8.465221512
447703,20,61539719,61446757,8.504566406,,447703,20,61539719,61446757,8.494275976,,446314,20,56424039,56360840,8.418354083
446813,20,58131763,58059102,8.443093063,,446329,20,56454277,56391240,8.455811553,,446835,20,58185917,58116981,8.406951499
446314,20,56424039,56360840,8.381217476,,447212,20,59407765,59339170,8.408174483,,446838,20,58210938,58141996,8.406951499
446951,20,58517941,58448632,8.37637341,,446835,20,58185917,58116981,8.380824023,,446889,20,58379787,58310378,8.392024286
447029,20,58807873,58738152,8.357105564,,446838,20,58210938,58141996,8.380824023,,445893,20,54613044,54537704,8.374426925
447030,20,58808638,58738917,8.357105564,,445893,20,54613044,54537704,8.371226251,,447700,20,61535102,61442139,8.369141051
445903,20,54743073,54669852,8.318155184,,446847,20,58244184,58175236,8.334525479,,447212,20,59407765,59339170,8.354649713
445905,20,54752214,54678994,8.318155184,,447700,20,61535102,61442139,8.319221671,,447695,20,61523581,61430621,8.344349063
447693,20,61508789,61416508,8.290583985,,446889,20,58379787,58310378,8.309000686,,447696,20,61527756,61434796,8.344349063
445907,20,54757336,54684194,8.27544269,,447695,20,61523581,61430621,8.293256936,,446329,20,56454277,56391240,8.325367999
446847,20,58244184,58175236,8.241317936,,447696,20,61527756,61434796,8.293256936,,447692,20,61508116,61415835,8.244291423
447212,20,59407765,59339170,8.236594407,,446895,20,58409590,58340187,8.267469076,,447231,20,59443828,59374949,8.237542811
446835,20,58185917,58116981,8.22391434,,447327,20,59777948,59702781,8.249857948,,447232,20,59444661,59375782,8.237542811
446838,20,58210938,58141996,8.22391434,,447231,20,59443828,59374949,8.248129897,,330407,14,2550078,1347972,8.228923655
446672,20,57635032,57563252,8.202010362,,447232,20,59444661,59375782,8.248129897,,330408,14,2553525,1351419,8.228923655
446895,20,58409590,58340187,8.185739818,,447692,20,61508116,61415835,8.183159568,,446847,20,58244184,58175236,8.221536465
446293,20,56334555,56273653,8.184628134,,330407,14,2550078,1347972,8.128233143,,445903,20,54743073,54669852,8.196194244
446294,20,56340866,56279964,8.184628134,,330408,14,2553525,1351419,8.128233143,,445905,20,54752214,54678994,8.196194244
446295,20,56341676,56280774,8.184628134,,445903,20,54743073,54669852,8.124235047,,447327,20,59777948,59702781,8.189909904
447327,20,59777948,59702781,8.161888129,,445905,20,54752214,54678994,8.124235047,,446672,20,57635032,57563252,8.181524915
447700,20,61535102,61442139,8.138335241,,446672,20,57635032,57563252,8.084813376,,446895,20,58409590,58340187,8.154986911
447449,20,60400902,60319134,8.12590424,,445907,20,54757336,54684194,8.073891794,,445907,20,54757336,54684194,8.135859594
446924,20,58449212,58379906,8.113387421,,447694,20,61514913,61421954,8.047141618,,330352,14,2084067,891340,8.130092158
447695,20,61523581,61430621,8.108026874,,446293,20,56334555,56273653,8.027791912,,447694,20,61514913,61421954,8.077488561
447696,20,61527756,61434796,8.108026874,,446294,20,56340866,56279964,8.027791912,,445828,20,54300490,54226399,8.002424911
330407,14,2550078,1347972,8.104800661,,446295,20,56341676,56280774,8.027791912,,445829,20,54301538,54227447,8.002424911
330408,14,2553525,1351419,8.104800661,,330352,14,2084067,891340,8.025195237,,447029,20,58807873,58738152,7.996449935
446889,20,58379787,58310378,8.103010785,,447029,20,58807873,58738152,8.001142007,,447030,20,58808638,58738917,7.996449935
446315,20,56424548,56361349,8.070402081,,447030,20,58808638,58738917,8.001142007,,446315,20,56424548,56361349,7.990890648
447694,20,61514913,61421954,8.046749711,,446727,20,57748140,57675462,7.968156076,,446293,20,56334555,56273653,7.953500327
330352,14,2084067,891340,8.026040422,,446728,20,57750621,57677943,7.968156076,,446294,20,56340866,56279964,7.953500327
447692,20,61508116,61415835,7.975954394,,445828,20,54300490,54226399,7.943000183,,446295,20,56341676,56280774,7.953500327
445828,20,54300490,54226399,7.971452039,,445829,20,54301538,54227447,7.943000183,,446924,20,58449212,58379906,7.929372821
445829,20,54301538,54227447,7.971452039,,446038,20,55389447,55315101,7.88642408,,447449,20,60400902,60319134,7.924176267
446038,20,55389447,55315101,7.957971605,,447449,20,60400902,60319134,7.885348609,,446157,20,55910249,55852660,7.898428838
445990,20,55124788,55049772,7.922933593,,446315,20,56424548,56361349,7.859861232,,446727,20,57748140,57675462,7.891654484
446452,20,56796575,56721169,7.890665728,,445990,20,55124788,55049772,7.853009538,,446728,20,57750621,57677943,7.891654484
446727,20,57748140,57675462,7.869673843,,446924,20,58449212,58379906,7.832174753,,446038,20,55389447,55315101,7.886304825
446728,20,57750621,57677943,7.869673843,,446157,20,55910249,55852660,7.800383974,,447446,20,60388054,60306287,7.868740764
446602,20,57442832,57366753,7.775156917,,446452,20,56796575,56721169,7.787897646,,445990,20,55124788,55049772,7.85259132
447119,20,58979686,58910369,7.763107549,,446660,20,57578646,57506879,7.702094029,,447442,20,60378346,60296573,7.825863664
447389,20,60073967,59996203,7.744212863,,446661,20,57588404,57516636,7.702094029,,446452,20,56796575,56721169,7.755583359
446488,20,56916997,56841357,7.743224684,,446488,20,56916997,56841357,7.68751271,,446488,20,56916997,56841357,7.720153669
446157,20,55910249,55852660,7.733864181,,446772,20,57970601,57897663,7.675026035,,446482,20,56906587,56830958,7.686497632
446660,20,57578646,57506879,7.732915279,,447446,20,60388054,60306287,7.673809653,,446106,20,55636294,55567164,7.679370149
446661,20,57588404,57516636,7.732915279,,446482,20,56906587,56830958,7.65588278,,446602,20,57442832,57366753,7.644736619
446772,20,57970601,57897663,7.722335686,,446106,20,55636294,55567164,7.629499748,,446660,20,57578646,57506879,7.632349852
446482,20,56906587,56830958,7.713514016,,447442,20,60378346,60296573,7.613705937,,446661,20,57588404,57516636,7.632349852
447446,20,60388054,60306287,7.698837063,,446682,20,57663929,57592152,7.611165741,,446682,20,57663929,57592152,7.622293829
446682,20,57663929,57592152,7.673573348,,446683,20,57664518,57592741,7.611165741,,446683,20,57664518,57592741,7.622293829
446683,20,57664518,57592741,7.673573348,,447389,20,60073967,59996203,7.608044901,,446772,20,57970601,57897663,7.608017439
447442,20,60378346,60296573,7.662613939,,446104,20,55634536,55565407,7.585786277,,446104,20,55634536,55565407,7.607555086
447395,20,60117509,60039608,7.628129412,,446602,20,57442832,57366753,7.571861274,,447687,20,61491287,61399010,7.569419494
447396,20,60129830,60051929,7.628129412,,448365,20,63375585,63256972,7.527067571,,447389,20,60073967,59996203,7.566250109
446437,20,56777681,56702226,7.576263918,,330301,14,1514056,330256,7.518307802,,330301,14,1514056,330256,7.535571424
448365,20,63375585,63256972,7.572863541,,448697,20,64397053,64271368,7.503519988,,447686,20,61486474,61394205,7.530242834
330301,14,1514056,330256,7.563872216,,448698,20,64398579,64272893,7.503519988,,447689,20,61496724,61404444,7.530242834
446104,20,55634536,55565407,7.560566489,,448703,20,64407472,64281897,7.503519988,,447665,20,61432368,61340934,7.492821854
446106,20,55636294,55567164,7.555211169,,448706,20,64410304,64284738,7.489444894,,448365,20,63375585,63256972,7.490151858
446105,20,55635413,55566283,7.412145597,,447687,20,61491287,61399010,7.484404483,,446105,20,55635413,55566283,7.458347597
330280,14,1407415,223706,7.361952706,,447395,20,60117509,60039608,7.457344114,,448697,20,64397053,64271368,7.43333793
447617,20,61270969,61179875,7.354628243,,447396,20,60129830,60051929,7.457344114,,448698,20,64398579,64272893,7.43333793
447618,20,61273044,61181949,7.354628243,,447686,20,61486474,61394205,7.442340941,,448703,20,64407472,64281897,7.43333793
447619,20,61274070,61182975,7.354628243,,447689,20,61496724,61404444,7.442340941,,446437,20,56777681,56702226,7.420819502
447620,20,61283569,61192478,7.351663224,,446948,20,58506615,58437306,7.440668376,,448706,20,64410304,64284738,7.417547496
447465,20,60452914,60370924,7.343304968,,446105,20,55635413,55566283,7.43506356,,447688,20,61493938,61401661,7.416862678
446948,20,58506615,58437306,7.342057893,,447119,20,58979686,58910369,7.429465909,,446457,20,56806877,56731474,7.391838072
446457,20,56806877,56731474,7.310008731,,447665,20,61432368,61340934,7.412814277,,446463,20,56822037,56746613,7.391838072
446463,20,56822037,56746613,7.310008731,,446457,20,56806877,56731474,7.402609644,,447119,20,58979686,58910369,7.390007102
448697,20,64397053,64271368,7.306917148,,446463,20,56822037,56746613,7.402609644,,446447,20,56789758,56714396,7.38339914
448698,20,64398579,64272893,7.306917148,,446437,20,56777681,56702226,7.396621586,,446449,20,56790941,56715533,7.38339914
448703,20,64407472,64281897,7.306917148,,446447,20,56789758,56714396,7.381296267,,446444,20,56783747,56708384,7.376918605
330497,14,3048650,1896438,7.302713522,,446449,20,56790941,56715533,7.381296267,,446445,20,56784875,56709512,7.376918605
446447,20,56789758,56714396,7.295726298,,446444,20,56783747,56708384,7.375906022,,447690,20,61502107,61409828,7.346197507
446449,20,56790941,56715533,7.295726298,,446445,20,56784875,56709512,7.375906022,,447395,20,60117509,60039608,7.333206095
448706,20,64410304,64284738,7.294799381,,448700,20,64401311,64275625,7.353754728,,447396,20,60129830,60051929,7.333206095
330450,14,2758369,1616565,7.29334823,,446516,20,56995989,56920665,7.341370592,,330450,14,2758369,1616565,7.330508502
446444,20,56783747,56708384,7.287783287,,447688,20,61493938,61401661,7.336745024,,446516,20,56995989,56920665,7.328192971
446445,20,56784875,56709512,7.287783287,,446432,20,56761174,56685774,7.331407158,,446948,20,58506615,58437306,7.315860581
447479,20,60511653,60429687,7.287315451,,446471,20,56847188,56771587,7.294746213,,446432,20,56761174,56685774,7.312464195
330405,14,2530056,1327950,7.273661817,,330405,14,2530056,1327950,7.284151424,,447465,20,60452914,60370924,7.30908608
446516,20,56995989,56920665,7.264505556,,330497,14,3048650,1896438,7.280476398,,330405,14,2530056,1327950,7.304756503
447687,20,61491287,61399010,7.260885448,,330280,14,1407415,223706,7.274105046,,330280,14,1407415,223706,7.302400902
447714,20,61577676,61484697,7.255495973,,446791,20,58053851,57981420,7.267070858,,447714,20,61577676,61484697,7.290252061
446791,20,58053851,57981420,7.24899558,,447690,20,61502107,61409828,7.2658345,,330497,14,3048650,1896438,7.277092408
446432,20,56761174,56685774,7.242410382,,330450,14,2758369,1616565,7.261582915,,448700,20,64401311,64275625,7.277034676
447665,20,61432368,61340934,7.232834616,,446468,20,56834125,56758540,7.249924756,,446471,20,56847188,56771587,7.274995902
446256,20,56256484,56196377,7.223143102,,446470,20,56838491,56762906,7.249924756,,446468,20,56834125,56758540,7.231763558
447686,20,61486474,61394205,7.217837929,,447714,20,61577676,61484697,7.184334931,,446470,20,56838491,56762906,7.231763558
447689,20,61496724,61404444,7.217837929,,446103,20,55633281,55564080,7.183516438,,446087,20,55587430,55518609,7.202472032
446471,20,56847188,56771587,7.215597693,,446087,20,55587430,55518609,7.168489509,,446103,20,55633281,55564080,7.199771027
330303,14,1516428,332628,7.182866404,,446102,20,55631283,55562082,7.158617533,,446102,20,55631283,55562082,7.192735857
446468,20,56834125,56758540,7.168198252,,446692,20,57684866,57613159,7.131929559,,446371,20,56606475,56530562,7.165052058
446470,20,56838491,56762906,7.168198252,,446533,20,57037935,56963207,7.124926502,,330303,14,1516428,332628,7.155117652
445780,20,54072340,53998037,7.160277607,,330303,14,1516428,332628,7.123171179,,446791,20,58053851,57981420,7.15339064
445904,20,54750596,54677377,7.157474138,,447465,20,60452914,60370924,7.107091912,,447685,20,61483949,61391680,7.141396627
448700,20,64401311,64275625,7.157241569,,447617,20,61270969,61179875,7.097862648,,446533,20,57037935,56963207,7.141164673
446103,20,55633281,55564080,7.155920767,,447618,20,61273044,61181949,7.097862648,,447479,20,60511653,60429687,7.134977183
446087,20,55587430,55518609,7.132592761,,447619,20,61274070,61182975,7.097862648,,330409,14,2564913,1362812,7.128995267
447688,20,61493938,61401661,7.12184353,,447620,20,61283569,61192478,7.096237366,,330410,14,2566015,1363914,7.128995267
330296,14,1493001,309280,7.10920636,,445780,20,54072340,53998037,7.090013538,,330411,14,2567022,1364921,7.128995267
330297,14,1494482,310761,7.10920636,,446256,20,56256484,56196377,7.086271754,,447639,20,61360431,61269332,7.109110738
330298,14,1497296,313575,7.10920636,,447685,20,61483949,61391680,7.059398056,,447654,20,61397640,61306157,7.109110738
330299,14,1504519,320719,7.10920636,,,,,,,,447655,20,61401433,61309958,7.109110738
330300,14,1509091,325291,7.10920636,,,,,,,,445780,20,54072340,53998037,7.10097457
330302,14,1514738,330938,7.10920636,,,,,,,,446256,20,56256484,56196377,7.095629992
330304,14,1517553,333753,7.10920636,,,,,,,,330296,14,1493001,309280,7.079322986
330305,14,1518492,334692,7.10920636,,,,,,,,330297,14,1494482,310761,7.079322986
330306,14,1522098,338298,7.10920636,,,,,,,,330298,14,1497296,313575,7.079322986
330307,14,1524573,340773,7.10920636,,,,,,,,330299,14,1504519,320719,7.079322986
330308,14,1527842,344042,7.10920636,,,,,,,,330300,14,1509091,325291,7.079322986
330309,14,1529914,346116,7.10920636,,,,,,,,330302,14,1514738,330938,7.079322986
446102,20,55631283,55562082,7.105629474,,,,,,,,330304,14,1517553,333753,7.079322986
446224,20,56058589,56000163,7.097365647,,,,,,,,330305,14,1518492,334692,7.079322986
,,,,,,,,,,,,330306,14,1522098,338298,7.079322986
,,,,,,,,,,,,330307,14,1524573,340773,7.079322986
,,,,,,,,,,,,330308,14,1527842,344042,7.079322986
,,,,,,,,,,,,330309,14,1529914,346116,7.079322986
,,,,,,,,,,,,447617,20,61270969,61179875,7.075533135
,,,,,,,,,,,,447618,20,61273044,61181949,7.075533135
,,,,,,,,,,,,447619,20,61274070,61182975,7.075533135
,,,,,,,,,,,,447620,20,61283569,61192478,7.073280617
,,,,,,,,,,,,446692,20,57684866,57613159,7.066420783
,,,,,,,,,,,,446846,20,58240835,58171888,7.063613269
,,,,,,,,,,,,448397,20,63506305,63387520,7.060472682
